reaction	linear_coefficient
rxn01114	0.0015873015873015873
rxn01754b	0.0015873015873015873
rxn01754a	0.0015873015873015873
rxnRbtAb	0.0015873015873015873
rxn01383	0.0015873015873015873
rxnRbtAa	0.0015873015873015873
rxnRbtC	0.0015873015873015873
rxn00278	0.12433862433333334
rxn00283	0.015343915344444443
rxn00849	0.006878306877777778
rxn08291	0.0015873015873015873
rxn00151	0.007936507936507936
rxn00225	0.0015873015873015873
rxn00227	0.020634920634920634
rxn00551	0.03915343915873016
rxn00669	0.0015873015873015873
rxn00743	0.0015873015873015873
rxn03167	0.0015873015873015873
rxn01521	0.08148148147619048
rxn00363	0.08148148147619048
rxn00744	0.022222222222222223
rxn00745	0.022222222222222223
rxn02866	0.10582010582539682
rxn00868	0.10582010582539682
rxn02268	0.10582010582539682
rxn02270	0.10582010582539682
rxn01923	0.10582010582539682
rxn01924	0.10582010582539682
rxn01126	0.0015873015873015873
rxn01281	0.0015873015873015873
rxn01280	0.0015873015873015873
rxn00160	0.10423280423809524
rxn01285	0.02010582011111111
rxn01986	0.0015873015873015873
rxn00778	0.0015873015873015873
rxn06036	0.02910052909523809
rxn09174	0.0015873015873015873
rxn26434	0.007407407407936507
rxn01289	0.05502645503174603
rxn01150	0.05502645503174603
rxn01633	0.031216931222222223
rxn01635	0.17089947095238095
rxn19174	0.08994708995238095
rxn02173	0.08994708995238095
rxn01828	0.08994708995238095
rxn01959	0.03968253968253968
rxn01830	0.03968253968253968
rxn00002	0.0015873015873015873
rxn00504	0.0015873015873015873
rxn00183	0.0015873015873015873
rxn09188	0.0015873015873015873
rxn00503	0.0015873015873015873
rxn00394	0.032275132269841265
rxn00471	0.006878306877777778
rxn00560	0.0015873015873015873
rxn00930	0.0015873015873015873
rxn02071	0.0015873015873015873
rxn02946	0.0015873015873015873
rxn01636	0.03068783068253968
rxn00192	0.03068783068253968
rxn00469	0.03597883598412699
rxn00802	0.009523809523809525
rxn01019	0.04338624338095238
rxn01434	0.03492063492063492
rxn01637	0.04126984126984127
rxn03087	0.04126984126984127
rxn01917	0.026455026460317457
rxn02465	0.06613756614285714
rxn02925	0.05767195766666667
rxn24212	0.05767195766666667
rxn00656	0.05767195766666667
rxn09400a	0.03544973544444444
rxnTABCcpdBGLCN	0.7698412698412699
rxn13784	0.3333333333333333
rxnBIOMASS	0.4391534392063492
rxn05294	0.10476190476190476
rxn12192	1.0
rxn00416p	0.03280423280952381
rxn03194	0.12010582011111111
rxn00011b	0.12010582011111111
rxn02185	0.12010582011111111
rxn00737	0.0015873015873015873
rxn00806	0.03333333333333333
rxn00903	0.03333333333333333
rxn01575	0.03333333333333333
rxn00898	0.08994708995238095
rxn03437	0.08994708995238095
rxn00902	0.045502645507936514
rxn02187	0.08148148147619048
rxn03435	0.08148148147619048
rxn01790	0.08148148147619048
rxn03436	0.08148148147619048
rxn03068	0.08148148147619048
rxn02811	0.1349206349206349
rxn02789	0.1349206349206349
rxn03062	0.051851851857142854
rxnCL4	0.015343915344444443
rxnCARN2	0.0015873015873015873
rxn01725	0.0015873015873015873
rxnCARN1	0.0015873015873015873
rxn02342	0.1719576719047619
rxn00011p	0.1719576719047619
rxn00159	0.006349206349206349
rxn00161	0.03333333333333333
rxn00247	0.33862433857142854
rxn00250	0.03492063492063492
rxn00330	0.03703703703174603
rxn00336	0.5513227512698412
rxn00747	0.007936507936507936
rxn00784	0.047089947095238095
rxn01123	0.022222222222222223
rxn06493	0.06931216931746031
rxn01241a	0.05238095238095238
rxn01871	0.0962962963015873
rxn01265	0.01693121693174603
rxn02287	0.06825396825396825
rxn02775	0.0015873015873015873
rxn02897	0.008465608465079365
rxn03537	0.008465608465079365
rxn03150	0.02857142857142857
rxn04385	0.02857142857142857
rxn03491	0.010582010582539682
rxn03492	0.006878306877777778
rxn03512	0.007407407407936507
rxn03513	0.009523809523809525
rxn03514	0.006349206349206349
rxn03534	0.0015873015873015873
rxn03538	0.0015873015873015873
rxn03540	0.006878306877777778
rxn03975	0.006878306877777778
rxn04384	0.09047619047619047
rxn10476	0.05502645503174603
rxn11544	0.017989417984126985
rxn11545	0.0015873015873015873
rxn25134b	0.0015873015873015873
rxn47890	0.0015873015873015873
rxn00056	0.13227513226984128
rxn00719	0.19629629634920634
rxn01028	0.16560846555555556
rxn07582	0.0582010582063492
rxnLIPOCT	0.0761904761904762
rxn00423	0.14232804233333332
rxn00566	0.016402116401587303
rxn00623	0.07777777777777778
rxn00649	0.062433862428571435
rxn05239	0.10582010582539682
rxn05256	0.10582010582539682
rxn05239b	0.10582010582539682
rxn00137	0.04285714285714286
rxn09240	0.08253968253968254
rxn00361	0.08253968253968254
rxn00379	0.08253968253968254
rxn00650	0.02857142857142857
rxn00020	0.0015873015873015873
rxn00020s	0.0015873015873015873
rxn09979	0.0015873015873015873
rxn21111	0.0015873015873015873
rxn00020a	0.0015873015873015873
rxn00020m	0.04126984126984127
rxn00575	0.026984126984126985
rxn00022t	0.026984126984126985
rxn05746	0.026984126984126985
rxn00022	0.026984126984126985
rxn00816b	0.01746031746031746
rxn44900	0.01746031746031746
rxn00816	0.01746031746031746
rxn44030	0.01746031746031746
rxn00816c	0.01746031746031746
rxn02596	0.01957671957142857
rxn00817	0.01957671957142857
rxn00818	0.01957671957142857
rxn01134	0.01746031746031746
rxn01737	0.043915343920634925
rxnTRE1	0.01693121693174603
rxnLACT1	0.01693121693174603
rxnPAL1	0.01693121693174603
rxn01119	0.01693121693174603
rxnEPS	0.0761904761904762
rxnTABCcpsEPS	0.14814814814285715
rxnFAD17	0.0380952380952381
rxnFAD9	0.0380952380952381
rxnFAD21	0.0380952380952381
rxnFAD1	0.0380952380952381
rxnFAD13	0.0380952380952381
rxnFAD5	0.0380952380952381
rxn00872	0.0380952380952381
rxn00947	0.05555555555555555
rxn03245	0.018518518523809525
rxn03247	0.018518518523809525
rxn02911	0.018518518523809525
rxn02949	0.03862433861904762
rxn03240	0.018518518523809525
rxn03250	0.018518518523809525
rxn02934	0.03862433861904762
rxn02167	0.018518518523809525
rxn03241	0.018518518523809525
rxn01504	0.010052910052380952
rxn00672	0.018518518523809525
rxnFAD15	0.03915343915873016
rxnFAD3	0.03915343915873016
rxnFAD27	0.03915343915873016
rxnFAD19	0.03915343915873016
rxnFAD11	0.03915343915873016
rxnFAD23	0.03915343915873016
rxnFAD7	0.03915343915873016
rxn00676	0.18201058206349205
rxnFAD4	0.03650793650793651
rxnFAD12	0.03650793650793651
rxnFAD20	0.03650793650793651
rxnFAD24	0.03650793650793651
rxnFAD16	0.03650793650793651
rxnFAD8	0.03650793650793651
rxn03421	0.14021164020634921
rxn00302	0.14021164020634921
rxn03419	0.14021164020634921
rxn03174	0.14021164020634921
rxn01013	0.06772486773015873
rxn00324	0.007407407407936507
rxn01011	0.06772486773015873
rxn00333	0.014285714285714285
rxn01602	0.007407407407936507
rxn00686	0.007407407407936507
rxn00690	0.0015873015873015873
rxn01211	0.031216931222222223
rxn01211b	0.031216931222222223
rxn00907b	0.031216931222222223
rxn00907	0.031216931222222223
rxn00910	0.08095238095238096
rxn01257b	0.007407407407936507
rxn01603	0.046031746031746035
rxn02201	0.023280423285714284
rxn02503	0.010582010582539682
rxn02504	0.045502645507936514
rxn03841	0.03280423280952381
rxn00083	0.0402116402063492
rxn00371	0.31640211634920634
rxn02617	0.0015873015873015873
rxn14044	0.02010582011111111
rxn22386	0.05343915344444444
rxn40431	0.0015873015873015873
rxn40432	0.050793650793650794
rxn00508	0.047089947095238095
rxn01204	0.010582010582539682
rxn00783	0.0015873015873015873
rxn00812	0.04179894179365079
rxn02174	0.06666666666666667
rxn02429	0.0015873015873015873
rxn00605	0.022222222222222223
rxn02004	0.15079365079365079
rxn00186	0.0015873015873015873
rxn00189	0.0015873015873015873
rxn00193	0.0015873015873015873
rxn05951	0.05132275131746032
rxn02339	0.05132275131746032
rxn05036	0.1037037036984127
rxn00527	0.1037037036984127
rxn00085	0.05026455026984127
rxn00187	0.7640211639682539
rxn00086	0.03333333333333333
rxn00350	0.05502645503174603
rxn00351	0.04338624338095238
rxn00646	0.03650793650793651
rxn00615	0.0015873015873015873
rxn00616	0.01375661375714286
rxn00420	0.0015873015873015873
rxn00692	0.062433862428571435
rxn01101	0.04338624338095238
rxn03445	0.045502645507936514
rxn02914	0.045502645507936514
rxn01867	0.0216931216984127
rxn01868	0.0216931216984127
rxn10770	0.0015873015873015873
rxn00165	0.03068783068253968
rxn00274	0.010582010582539682
rxn00422	0.0015873015873015873
rxn00541	0.0015873015873015873
rxn00908	0.0582010582063492
rxn06377	0.0582010582063492
rxn01068	0.04179894179365079
rxn01069	0.0015873015873015873
rxn01300	0.0015873015873015873
rxn01301	0.06825396825396825
rxn01833	0.0015873015873015873
rxn01241b	0.03968253968253968
rxn01241c	0.06931216931746031
rxn06600	0.06296296296825396
rxn08647	0.015343915344444443
rxn00695	0.10052910052380953
rxn05740	0.05132275131746032
rxn08615	0.050793650793650794
rxn00148	0.0708994709047619
rxn00459	0.05978835979365079
rxn00558	0.018518518523809525
rxn01331	0.11587301587301588
rxn00781	0.11587301587301588
rxn00786	0.2661375661904762
rxn01100	0.015343915344444443
rxn01106	0.05925925925396826
rxn01053	0.008465608465079365
rxn00979	0.008465608465079365
rxn01621	0.008465608465079365
rxn01015	0.0015873015873015873
rxn00029	0.0015873015873015873
rxn00060	0.010052910052380952
rxn00224	0.022222222222222223
rxn00599	0.11058201058730159
rxn02264	0.0015873015873015873
rxn02303	0.006878306877777778
rxn02304	0.014814814814285716
rxn00058	0.11534391534920635
rxn05120	0.06349206349206349
rxn12825	0.007936507936507936
rxn00375	0.0015873015873015873
rxn00867	0.010052910052380952
rxn01640	0.0015873015873015873
rxn01642	0.0015873015873015873
rxn02085	0.008994708995238096
rxn00770	0.0582010582063492
rxn00789	0.1619047619047619
rxn02159	0.03333333333333333
rxn00863	0.03333333333333333
rxn02160	0.02116402115873016
rxn02320	0.046560846555555556
rxn00493	0.046560846555555556
rxn02473	0.02804232804761905
rxn02834	0.06931216931746031
rxn02835	0.14656084655555557
rxn03135	0.023809523809523808
rxn03175	0.01904761904761905
rxn00196	0.008465608465079365
rxn00933	0.008465608465079365
rxn02360	0.008465608465079365
rxn02933	0.09576719576190476
rxn01925	0.05238095238095238
rxn06335	0.05238095238095238
rxn06586	0.05238095238095238
rxn07432	0.08042328042857143
rxn07434	0.08042328042857143
rxn07430	0.08042328042857143
rxn07433	0.08042328042857143
rxn07431	0.08042328042857143
rxn07435	0.08042328042857143
rxn00991	0.006878306877777778
rxn00265	0.006878306877777778
rxn02889	0.03703703703174603
rxn00612	0.008994708995238096
rxn00642	0.03862433861904762
rxn03130	0.026455026460317457
rxn03146	0.16560846555555556
rxn03159	0.010052910052380952
rxn03181	0.0015873015873015873
rxn03439	0.015343915344444443
rxn03182	0.015343915344444443
rxn03962	0.025396825396825397
rxn06723	0.0380952380952381
rxn06729	0.02010582011111111
rxnLPS1	0.022751322746031748
rxnLPS2	0.023809523809523808
rxnPG22	0.023809523809523808
rxnLPS3	0.0015873015873015873
rxnLPS4	0.09841269841269841
rxnLPS5	0.016402116401587303
rxnLPS6	0.0015873015873015873
rxn02000	0.0015873015873015873
rxnLPS7	0.02857142857142857
rxnLPS8	0.0216931216984127
rxnVLCFA52	0.0015873015873015873
source_cpdLPS2	0.033862433857142854
rxn00313	0.027513227507936507
rxn00337	0.045502645507936514
rxn01643	0.1037037036984127
rxn01644	0.04074074074603175
rxn01973	0.022751322746031748
rxn01974	0.15396825396825398
rxn02929	0.011640211639682539
rxn03031	0.03915343915873016
rxn00693	0.033862433857142854
rxn01304	0.0015873015873015873
rxn05957	0.03650793650793651
rxn00748	0.007407407407936507
rxn01274	0.04497354496825397
rxn01834	0.0015873015873015873
rxn00559	0.02857142857142857
rxn00772	0.031216931222222223
rxn00975	0.0015873015873015873
rxn01044	0.08306878306349207
rxn01199	0.046031746031746035
rxn02094	0.006878306877777778
rxnPSIC	0.015873015873015872
rxnTAG1	0.0015873015873015873
rxn00501	0.045502645507936514
rxn00671	0.045502645507936514
rxn00879	0.03544973544444444
rxn01176	0.03862433861904762
rxn03932	0.03862433861904762
rxn02007	0.023280423285714284
rxn12146	0.0015873015873015873
rxn12147	0.03015873015873016
rxn00077	0.0015873015873015873
rxn00138	0.04126984126984127
rxn00338	0.0015873015873015873
rxn02155	0.006349206349206349
rxn02402	0.0015873015873015873
rxn02988	0.0015873015873015873
rxn00568	0.07142857142857142
rxn10120	0.2015873015873016
rxn10121	0.0015873015873015873
rxn05937	0.22328042333333334
rxn06874	0.04285714285714286
rxnNifS	0.091005291
rxnNifU	0.18095238095238095
rxnNFBS1	0.031746031746031744
rxn05465	0.2619047619047619
rxnVLCFA1	0.10793650793650794
rxn05331	0.06931216931746031
rxn05462	0.06931216931746031
rxnUS3	0.06296296296825396
rxnUS15	0.06296296296825396
rxn05330	0.06931216931746031
rxn05332	0.06931216931746031
rxnNFBS7	0.06296296296825396
rxn05334	0.06931216931746031
rxnUS11	0.06296296296825396
rxn05329	0.06296296296825396
rxnUS7	0.06296296296825396
rxnNFBS4	0.06296296296825396
rxn05335	0.06931216931746031
rxnNFBS10	0.06296296296825396
rxn05333	0.06931216931746031
rxnVLCFA28	0.05608465607936508
rxnVLCFA32	0.05608465607936508
rxnVLCFA16	0.05608465607936508
rxnVLCFA44	0.05608465607936508
rxnVLCFA4	0.05608465607936508
rxnVLCFA24	0.05608465607936508
rxnVLCFA12	0.05608465607936508
rxnVLCFA8	0.05608465607936508
rxnVLCFA48	0.05608465607936508
rxnVLCFA20	0.05608465607936508
rxnVLCFA36	0.05608465607936508
rxnVLCFA40	0.05608465607936508
rxn00777	0.11164021163492063
rxnNFBS11	0.032275132269841265
rxnEry4	0.11164021163492063
rxnNFBS13	0.04179894179365079
rxnNFBS12	0.04179894179365079
rxnNFBS14	0.045502645507936514
rxnNFBS15	0.031746031746031744
rxnNFBS16	0.007407407407936507
rxnNFBS5	0.018518518523809525
rxnNFBS2	0.018518518523809525
rxnNFBS8	0.018518518523809525
rxnNFBS9	0.033862433857142854
rxnNFBS3	0.033862433857142854
rxnNFBS6	0.033862433857142854
rxn05337	0.032275132269841265
rxnUS6	0.032275132269841265
rxn05340	0.032275132269841265
rxn05336	0.032275132269841265
rxn05342	0.032275132269841265
rxn05341	0.032275132269841265
rxnUS14	0.032275132269841265
rxn05338	0.032275132269841265
rxnUS2	0.032275132269841265
rxn05461	0.032275132269841265
rxn05339	0.032275132269841265
rxnUS10	0.032275132269841265
rxn00211	0.2015873015873016
rxn00213	0.08888888888888889
rxn00214	0.0015873015873015873
rxn00704	0.05502645503174603
rxn01008	0.017989417984126985
rxn01117	0.06031746031746032
rxn01329	0.03650793650793651
rxn01675	0.0015873015873015873
rxn01997	0.01746031746031746
rxn02003	0.0015873015873015873
rxn02331	0.009523809523809525
rxn02404	0.009523809523809525
rxn02405	0.020634920634920634
rxn00374	0.0015873015873015873
rxn00377	0.046031746031746035
rxn00429	0.10846560846031747
rxn35597	0.0015873015873015873
rxn00430_FAD	0.0015873015873015873
rxn00691	0.01957671957142857
rxn01159	0.011111111111111112
rxn01818	0.03597883598412699
rxnGFC1c	0.03597883598412699
rxn04791	0.05132275131746032
rxn04792	0.042328042333333336
rxn39508	0.023280423285714284
rxnGFC1a	0.01693121693174603
rxnGFC1b	0.024338624333333333
rxnOL7	0.07566137566666667
rxnOL3	0.07566137566666667
rxnOL1	0.07566137566666667
rxnOL11	0.015873015873015872
rxnMMPE5	0.015873015873015872
rxnOL6	0.015873015873015872
rxnOL10	0.015873015873015872
rxnPE7	0.015873015873015872
rxnSL13	0.015873015873015872
rxnPC7	0.015873015873015872
rxnOL5	0.015873015873015872
rxnOL9	0.006878306877777778
rxnOL4	0.006878306877777778
rxnOL2	0.006878306877777778
rxnOL8	0.006878306877777778
rxn00001a	0.07037037036507937
rxn00006	0.07195767195238095
rxn00102	0.05026455026984127
rxn00126	0.06878306877777778
rxn00141	0.05608465607936508
rxn00145	0.031216931222222223
rxn00146	0.03597883598412699
rxn02939	0.014814814814285716
rxn00174	0.015873015873015872
rxn00988	0.031746031746031744
rxn00175	0.06878306877777778
rxn00226	0.06878306877777778
rxn00176	0.06878306877777778
rxn00272	0.008994708995238096
rxn00506	0.6582010582539682
rxn00539	0.05449735449206349
rxn00816d	0.0015873015873015873
rxn05289	0.0873015873015873
rxn16383	0.0015873015873015873
rxn22818	0.016402116401587303
rxnAtzE	0.0015873015873015873
rxn10042	0.40370370365079367
rxnFADH2	0.12328042328571429
rxn10122	0.12328042328571429
rxn12494	0.03280423280952381
rxn12750	0.10687830687301587
rxn00100	0.015343915344444443
rxn00654	0.16825396825396827
rxn01747	0.007936507936507936
rxn01746	0.16825396825396827
rxn03188	0.16825396825396827
rxn00711	0.05873015873015873
rxn00912	0.0015873015873015873
rxn01626	0.08148148147619048
rxn02190	0.08148148147619048
rxn01791	0.011111111111111112
rxn02175	0.04285714285714286
rxn09177	0.03597883598412699
rxn02341	0.03597883598412699
rxn12510	0.08412698412698413
rxn00604	0.03756613757142857
rxn00785	0.0746031746031746
rxn01200	0.0746031746031746
rxn01115	0.05925925925396826
rxn01116	0.01746031746031746
rxn01333	0.264021163968254
rxn01476	0.03650793650793651
rxn01477	0.007407407407936507
rxn03884	0.013227513226984126
rxn00293	0.01746031746031746
rxn03638	0.01746031746031746
rxn00461	0.05132275131746032
rxn00555	0.0015873015873015873
rxn00851	0.045502645507936514
rxn01485	0.08994708995238095
rxn02008	0.017989417984126985
rxn02011	0.03597883598412699
rxn02285	0.042328042333333336
rxn02286	0.0873015873015873
rxn03164	0.042328042333333336
rxn03408	0.03915343915873016
rxn03901	0.015343915344444443
rxn03904	0.024867724873015872
rxn09345	0.05026455026984127
rxn10199	0.07354497353968255
rxn00178	0.12010582011111111
rxn00992	0.13968253968253969
rxn01452	0.044444444444444446
rxn01453	0.25449735444444443
rxn02168	0.0015873015873015873
rxn11920	0.0015873015873015873
rxnPHBDP	0.06507936507936508
rxn01314	0.0015873015873015873
rxn01315	0.32328042333333334
rxn04989	0.32328042333333334
rxn03236	0.02857142857142857
rxnMMPE2	0.046031746031746035
rxnPC3	0.046031746031746035
rxnDMPE2	0.046031746031746035
rxnPC4	0.025925925920634925
rxnPE3	0.02010582011111111
rxnPE4	0.01693121693174603
rxnPG13	0.043915343920634925
rxnPG14	0.0015873015873015873
rxnSL22	0.006878306877777778
rxnPG19	0.006878306877777778
rxnPG20	0.03333333333333333
rxnPG21	0.050793650793650794
rxn00015	0.024867724873015872
rxn00405	0.18994708999999999
rxn00470	0.18994708999999999
rxn00858	0.0015873015873015873
rxn00001	0.07195767195238095
rxn09176	0.042328042333333336
rxn00104	0.042328042333333336
rxn00106	0.0015873015873015873
rxn00342	0.031746031746031744
rxn00179	0.0015873015873015873
rxn00931	0.05873015873015873
rxn02373	0.020634920634920634
rxn00598	0.01375661375714286
rxn00962	0.018518518523809525
rxn01192	0.02804232804761905
rxn02143	0.047089947095238095
rxn02144	0.024867724873015872
rxn02369	0.0015873015873015873
rxn02483	0.0015873015873015873
rxn00101	0.06507936507936508
rxn00131	0.06825396825396825
rxn01961	0.08148148147619048
rxn01145	0.08148148147619048
rxn00708	0.08148148147619048
rxn01507	0.08148148147619048
rxn00831	0.08148148147619048
rxn00132	0.08148148147619048
rxn01445	0.08148148147619048
rxn00913	0.08148148147619048
rxn01218	0.08148148147619048
rxn00139	0.03333333333333333
rxn00562	0.007407407407936507
rxn01544	0.04285714285714286
rxn00836	0.04285714285714286
rxn00915	0.04285714285714286
rxn00926	0.0015873015873015873
rxn01541	0.06402116401587302
rxn00797	0.06402116401587302
rxn01545	0.06402116401587302
rxn00927	0.06402116401587302
rxn01299	0.06402116401587302
rxn01226	0.06402116401587302
rxn00097	0.060846560841269846
rxn01127	0.060846560841269846
rxn00134	0.060846560841269846
rxn08066	0.060846560841269846
rxn01137	0.006878306877777778
rxn01858	0.006878306877777778
rxn01548	0.029629629634920638
rxn01446	0.029629629634920638
rxn01649	0.029629629634920638
rxn01358	0.029629629634920638
rxn01985	0.029629629634920638
rxn01859	0.029629629634920638
rxn01138	0.029629629634920638
rxn01225	0.0015873015873015873
rxn01297	0.04179894179365079
rxn01522	0.04179894179365079
rxn09562	0.008465608465079365
rxn01509	0.008465608465079365
rxn01748	0.0015873015873015873
rxn03842	0.04074074074603175
rxn09370	0.02116402115873016
rxn00463	0.007407407407936507
rxn01222	0.007407407407936507
rxn09014	0.007407407407936507
rxn01351	0.007407407407936507
rxn09013	0.007407407407936507
rxn00063	0.007407407407936507
rxn00367	0.007407407407936507
rxn00301	0.007407407407936507
rxn00241	0.031216931222222223
rxn01352	0.01904761904761905
rxn08013	0.0015873015873015873
rxn00790	0.045502645507936514
rxn00800	0.007407407407936507
rxn03136	0.007407407407936507
rxn03137	0.006878306877777778
rxn00832	0.006878306877777778
rxn00834	0.0343915343968254
rxn00838	0.07989417988888889
rxn00839	0.13386243385714286
rxn01512	0.13386243385714286
rxn00409	0.13386243385714286
rxn01353	0.13386243385714286
rxn01678	0.13386243385714286
rxn01673	0.13386243385714286
rxn00117	0.13386243385714286
rxn00917	0.042328042333333336
rxn02895	0.0015873015873015873
rxn02937	0.008465608465079365
rxn03004	0.008994708995238096
rxn03084	0.045502645507936514
rxn03147	0.049735449730158726
rxn05229	0.045502645507936514
rxn06076	0.06772486773015873
rxn06075	0.06772486773015873
rxn05233	0.06772486773015873
rxn05231	0.06772486773015873
rxn01799	0.03015873015873016
rxn01146	0.03015873015873016
rxn00119	0.06613756614285714
rxn00364	0.08253968253968254
rxn01219	0.08253968253968254
rxn01672	0.0343915343968254
rxn00407	0.0343915343968254
rxn00412	0.06772486773015873
rxn00414	0.01957671957142857
rxn00710	0.02804232804761905
rxn01800	0.006878306877777778
rxn00717	0.006878306877777778
rxn01018	0.01746031746031746
rxn01465	0.024338624333333333
rxn01143	0.007936507936507936
rxn01518	0.007936507936507936
rxn01360	0.0015873015873015873
rxn08335	0.0015873015873015873
rxn01362	0.011111111111111112
rxn01368	0.03492063492063492
rxn01517	0.03968253968253968
rxn01513	0.03968253968253968
rxn01519	0.029629629634920638
rxn01520	0.043915343920634925
rxnRHA1	0.011640211639682539
rxnRHA2	0.007407407407936507
rxn00048	0.016402116401587303
rxn00392	0.0015873015873015873
rxn00122	0.0015873015873015873
rxn00300	0.04285714285714286
rxn05040	0.04285714285714286
rxn02474	0.007407407407936507
rxn02475	0.007407407407936507
rxn03080	0.06190476190476191
rxn05039	0.006878306877777778
rxn00533	0.10529100528571429
rxn00792	0.014814814814285716
rxn05323	0.015343915344444443
rxn05326	0.015343915344444443
rxnUS4	0.015343915344444443
rxn05324	0.015343915344444443
rxn05328	0.015343915344444443
rxn05327	0.015343915344444443
rxnUS16	0.015343915344444443
rxn05325	0.015343915344444443
rxn05464	0.015343915344444443
rxnUS12	0.015343915344444443
rxnUS8	0.015343915344444443
rxn05322	0.015343915344444443
rxn07455	0.06931216931746031
rxnUS9	0.06613756614285714
rxn05350	0.06613756614285714
rxn05343	0.06613756614285714
rxn05460	0.06613756614285714
rxnUS1	0.06613756614285714
rxn05348	0.06613756614285714
rxn05346	0.06613756614285714
rxn05345	0.06613756614285714
rxnUS5	0.06613756614285714
rxn05344	0.06613756614285714
rxnUS13	0.04285714285714286
rxn08766	0.044444444444444446
rxnPBdm1	0.0746031746031746
rxnPBdm2	0.0015873015873015873
rxn00216	0.016402116401587303
rxn00547	0.047619047619047616
rxn00629	0.0015873015873015873
rxn03883	0.0015873015873015873
rxn00634	0.0015873015873015873
rxn01385	0.04285714285714286
rxn01754	0.0015873015873015873
rxn02095	0.02857142857142857
rxnEry1	0.0015873015873015873
rxnEry2	0.0015873015873015873
rxnEry3	0.0216931216984127
rxn00552	0.03015873015873016
rxn00892	0.008465608465079365
rxn01439	0.008465608465079365
rxnNAGALAMk	0.0015873015873015873
rxnGALAMk	0.0015873015873015873
rxn01484	0.03968253968253968
rxn11877	0.0015873015873015873
rxn04027	0.032275132269841265
rxnSL7	0.009523809523809525
rxnSL23	0.009523809523809525
rxnSL8	0.008994708995238096
rxnSL24	0.008994708995238096
rxn00360	0.28783068777777776
rxn00383	0.05026455026984127
rxn01387	0.08042328042857143
rxn00199	0.08042328042857143
rxn00248	0.09894179893650794
rxn00256	0.06137566138095238
rxn00285	0.11851851852380953
rxn00288	0.06560846560317461
rxn02376	0.11587301587301588
rxn00441	0.11587301587301588
rxn00799	0.01693121693174603
rxn00973	0.11375661376190475
rxn01872	0.05608465607936508
rxn00438	0.03280423280952381
rxn00440	0.0015873015873015873
rxn02305	0.042328042333333336
rxn03108	0.006878306877777778
rxn02484	0.006878306877777778
rxn31983	0.03597883598412699
rxn05145	0.05449735449206349
rxn05152	0.7211640211111111
rxn18584	0.7211640211111111
rxn08097b	0.7211640211111111
rxn18585	0.7211640211111111
rxn05237	0.7211640211111111
rxnTABCcpd01293	0.7211640211111111
rxn05156	0.7211640211111111
rxn08097	0.7211640211111111
rxn05168	0.7211640211111111
rxn05155	0.7211640211111111
rxn05161	0.7211640211111111
rxnTABCcpd00069	0.7211640211111111
rxn05154	0.7211640211111111
rxn05146	0.7211640211111111
rxn05179	0.7211640211111111
rxn05219	0.7211640211111111
rxn05151	0.7211640211111111
rxn05164	0.7211640211111111
rxn10862	0.7211640211111111
rxn10144	0.7211640211111111
rxn05165	0.7211640211111111
rxn05169	0.7211640211111111
rxn10883	0.7211640211111111
rxn13794	0.7211640211111111
rxn05147	0.13121693122222222
rxnTABCcpd24425	0.13121693122222222
rxn05167	0.2920634920634921
rxn13849	0.13121693122222222
rxnTABCcpd00751	0.2084656084126984
rxn05149	0.026984126984126985
rxn05150	0.05661375661904761
rxn08863	0.07777777777777778
rxn05561	0.07777777777777778
rxnTPScpd00041	0.07777777777777778
rxn10153	0.07777777777777778
rxn09269	0.07777777777777778
rxn05153	0.1
rxn05157	0.437037036984127
rxn05682	0.437037036984127
rxn05158	0.0015873015873015873
rxnTABCcpd00447	0.08783068782539682
rxn05159	0.08783068782539682
rxnTABCcpd26883	0.08783068782539682
rxn10073	0.1455026455079365
rxn05181	0.08783068782539682
rxnTABCcpd00082	0.32910052904761905
rxn05160	0.32910052904761905
rxn05163	0.0962962963015873
rxnTABCcpd00152	0.0962962963015873
rxn05173	0.2920634920634921
rxn10822	0.2920634920634921
rxnTABCcpd20885	0.2222222222222222
rxn05608	0.2222222222222222
rxn18575	0.2222222222222222
rxn05170	0.2222222222222222
rxn05171	0.07407407407936507
rxnTABCcpd00075	0.07407407407936507
rxn05555	0.009523809523809525
rxn05195	0.009523809523809525
rxn05209	0.02116402115873016
rxn05223	0.01957671957142857
rxn05466	0.12222222222222222
rxn05496	0.4354497353968254
rxn05602	0.4354497353968254
rxn05634	0.4354497353968254
rxn05469	0.4354497353968254
rxn08651	0.4354497353968254
rxn08161	0.4354497353968254
rxn05488	0.4354497353968254
rxn05514	0.007936507936507936
rxn05557	0.0015873015873015873
rxn18495	0.20582010587301589
rxnTABCcpd24416	0.20582010587301589
rxn43451	0.20582010587301589
rxn18574	0.20582010587301589
rxn18554	0.20582010587301589
rxn18556	0.20582010587301589
rxn05598	0.20582010587301589
rxn10839	0.0015873015873015873
rxnTABCcpd00589	0.01693121693174603
rxnTABCcpd01200	0.0015873015873015873
rxn10474	0.0015873015873015873
rxn05616	0.05396825396825397
rxn05618	0.0216931216984127
rxn05619	0.05026455026984127
rxn05625	0.006878306877777778
rxn05627	0.006878306877777778
rxn08234	0.0015873015873015873
rxn08423	0.0015873015873015873
rxn08573	0.11058201058730159
rxnTABCcpd01133	0.025396825396825397
rxn08769	0.014285714285714285
rxn08946	0.0015873015873015873
rxn09256	0.2772486773015873
rxn10168	0.017989417984126985
rxn10481	0.8592592592063493
rxn12569	0.0015873015873015873
rxn12591	0.015873015873015872
rxn12671	0.2407407407936508
rxn29748	0.025396825396825397
rxn13853	0.025396825396825397
rxn29768	0.025396825396825397
rxn29772	0.025396825396825397
rxn29779	0.025396825396825397
rxn18419	0.05978835979365079
rxnTABCcpd00122	0.05978835979365079
rxnTABCcpd00276	0.05978835979365079
rxn18455	0.05978835979365079
rxn18473	0.09894179893650794
rxn18555	0.3111111111111111
rxnTABCcpd01192	0.3111111111111111
rxnTABCcpd01030	0.3111111111111111
rxnTABCcpd03696	0.3111111111111111
rxnTABCcpd00158	0.3111111111111111
rxnTABCcpd11603	0.3111111111111111
rxnTABCcpd00306	0.17142857142857143
rxn29767	0.17142857142857143
rxn29769	0.11587301587301588
rxn29777	0.12433862433333334
rxnTABCcpd00020	0.2084656084126984
rxnTABCcpd24420	0.049735449730158726
rxnTABCcpd00121	0.0761904761904762
rxnTABCcpd00136	0.0015873015873015873
rxnTABCcpd00797	0.14603174603174604
rxnTABCcpd00142	0.14603174603174604
rxnTABCcpd00248	0.049735449730158726
rxnTABCcpd00197	0.049735449730158726
rxnTABCcpd00367	0.03968253968253968
rxnTABCcpd00207	0.03968253968253968
rxnTABCcpd00307	0.03968253968253968
rxnTABCcpd00311	0.03968253968253968
rxnTABCcpd00227	0.10317460317460317
rxnTABCcpd00249	0.18201058206349205
rxnTABCcpd00338	0.027513227507936507
rxnTABCcpd00396	0.11005291004761905
rxnTABCcpd00851	0.04338624338095238
rxnTABCcpd02175	0.04338624338095238
rxnTABCcpd12115	0.08412698412698413
rxnTABCcpdNF	0.08941798941269842
rxnTABCcpdVICB	0.0015873015873015873
rxnVICBexp	0.0015873015873015873
rxn00490	0.023280423285714284
rxn01000	0.023280423285714284
rxn00993	0.04814814814285714
rxn01825	0.05978835979365079
rxn01827	0.08571428571428572
rxn02276	0.01693121693174603
rxn00474	0.07142857142857142
rxn01964	0.07142857142857142
rxn00525	0.008994708995238096
rxn01269	0.008994708995238096
rxn00726	0.1
rxn00791	0.04285714285714286
rxn01255	0.017989417984126985
rxn01256	0.07830687830158731
rxn01332	0.07777777777777778
rxn01682	0.05238095238095238
rxn01739	0.01746031746031746
rxn01740	0.008465608465079365
rxn02212	0.006878306877777778
rxn02213	0.03968253968253968
rxn02476	0.023280423285714284
rxn02507	0.03333333333333333
rxn02508	0.07301587301587302
rxn01466	0.0015873015873015873
rxn01213	0.0015873015873015873
rxn05031	0.0015873015873015873
rxn01489	0.0015873015873015873
rxn01486	0.0015873015873015873
rxn03393	0.0015873015873015873
rxn03394	0.02010582011111111
rxn03395	0.032275132269841265
rxn11946	0.032275132269841265
rxn03397	0.03333333333333333
rxn03893	0.018518518523809525
rxn03907	0.007936507936507936
rxn03910	0.007936507936507936
rxn03908	0.01693121693174603
rxn03909	0.06613756614285714
rxn03958	0.0015873015873015873
rxn08352	0.018518518523809525
rxn04113	0.018518518523809525
rxn12224	0.05343915344444444
rxn04139	0.05343915344444444
rxn05293	0.05396825396825397
rxnUB1	0.11746031746031746
rxn00602	0.02857142857142857
rxn01355	0.03492063492063492
rxn01480	0.016402116401587303
rxn01996	0.006878306877777778
rxn03433	0.025396825396825397
rxnVICB1	0.0015873015873015873
rxnVICB2	0.0015873015873015873
rxnVICB3	0.0015873015873015873
rxnVICB4	0.0015873015873015873
rxnVICB5	0.0015873015873015873
rxn00209	0.02010582011111111
rxn01396	0.017989417984126985
rxn03951	0.06507936507936508
rxn04070	0.0015873015873015873
rxnVLCFA22	0.023280423285714284
rxnVLCFA46	0.023280423285714284
rxnVLCFA50	0.023280423285714284
rxnVLCFA38	0.023280423285714284
rxnVLCFA42	0.023280423285714284
rxnVLCFA34	0.023280423285714284
rxnVLCFA18	0.023280423285714284
rxnVLCFA10	0.023280423285714284
rxnVLCFA26	0.023280423285714284
rxnVLCFA14	0.023280423285714284
rxnVLCFA30	0.023280423285714284
rxnVLCFA6	0.023280423285714284
rxnVLCFA2	0.023280423285714284
rxnVLCFA47	0.01904761904761905
rxnVLCFA51	0.01904761904761905
rxnVLCFA3	0.01904761904761905
rxnVLCFA7	0.01904761904761905
rxnVLCFA39	0.01904761904761905
rxnVLCFA43	0.01904761904761905
rxnVLCFA35	0.01904761904761905
rxnVLCFA19	0.01904761904761905
rxnVLCFA27	0.01904761904761905
rxnVLCFA31	0.01904761904761905
rxnVLCFA15	0.01904761904761905
rxnVLCFA11	0.01904761904761905
rxnVLCFA23	0.01904761904761905
rxnVLCFA37	0.06137566138095238
rxnVLCFA41	0.06137566138095238
rxnVLCFA29	0.06137566138095238
rxnVLCFA33	0.06137566138095238
rxnVLCFA17	0.06137566138095238
rxnVLCFA25	0.06137566138095238
rxnVLCFA13	0.06137566138095238
rxnVLCFA21	0.06137566138095238
rxnVLCFA49	0.06137566138095238
rxnVLCFA9	0.06137566138095238
rxnVLCFA45	0.06137566138095238
rxnVLCFA5	0.06137566138095238
rxnLalA	0.17037037031746033
rxnNGAM	0.17037037031746033
rxnOL	0.17037037031746033
rxnMMPE	0.17037037031746033
rxnPC	0.17037037031746033
rxnPL	0.17037037031746033
rxnPE	0.17037037031746033
rxnSL	0.17037037031746033
rxn01208	0.17037037031746033
rxn10609	0.17037037031746033
DM_cpd00540	0.17037037031746033
DM_cpd00111	0.17037037031746033
DM_cpd00118	0.17037037031746033
DM_cpd00155	0.17037037031746033
DM_cpd00421	0.17037037031746033
DM_cpd01080	0.17037037031746033
DM_cpd03802	0.17037037031746033
DM_cpd11416	0.17037037031746033
DM_cpd12836	0.17037037031746033
DM_cpd25615	0.17037037031746033
DM_cpdEPS	0.17037037031746033
DM_cpdLPS	0.17037037031746033
DM_cpdOL	0.17037037031746033
DM_cpdSL	0.17037037031746033
rxnPAL2	0.17037037031746033
rxnTRE2	0.17037037031746033
rxn06033	0.17037037031746033
rxn09456	0.17037037031746033
rxn02233	0.17037037031746033
rxnLACT2	0.17037037031746033
rxn02666	0.17037037031746033
rxn02288	0.17037037031746033
rxnSymCof	0.17037037031746033
rxn00641	0.17037037031746033
rxn02374	0.17037037031746033
rxn00709	0.17037037031746033
sink_cpd00605	0.17037037031746033
sink_cpd00415	0.17037037031746033
sink_cpd01553	0.17037037031746033
EX_cpd00001	0.17037037031746033
EX_cpd00007	0.17037037031746033
EX_cpd00009	0.17037037031746033
EX_cpd00011	0.17037037031746033
EX_cpd00013	0.17037037031746033
EX_cpd00020	0.17037037031746033
EX_cpd00023	0.17037037031746033
EX_cpd00027	0.17037037031746033
EX_cpd00029	0.17037037031746033
EX_cpd00030	0.17037037031746033
EX_cpd00033	0.17037037031746033
EX_cpd00034	0.17037037031746033
EX_cpd00035	0.17037037031746033
EX_cpd00036	0.17037037031746033
EX_cpd00039	0.17037037031746033
EX_cpd00041	0.17037037031746033
EX_cpd00047	0.17037037031746033
EX_cpd00048	0.17037037031746033
EX_cpd00051	0.17037037031746033
EX_cpd00053	0.17037037031746033
EX_cpd00054	0.17037037031746033
EX_cpd00058	0.17037037031746033
EX_cpd00060	0.17037037031746033
EX_cpd00063	0.17037037031746033
EX_cpd00064	0.17037037031746033
EX_cpd00065	0.17037037031746033
EX_cpd00066	0.17037037031746033
EX_cpd00067	0.17037037031746033
EX_cpd00069	0.17037037031746033
EX_cpd00073	0.17037037031746033
EX_cpd00075	0.17037037031746033
EX_cpd00076	0.17037037031746033
EX_cpd00080	0.17037037031746033
EX_cpd00082	0.17037037031746033
EX_cpd00084	0.17037037031746033
EX_cpd00098	0.17037037031746033
EX_cpd00099	0.17037037031746033
EX_cpd00100	0.17037037031746033
EX_cpd00104	0.17037037031746033
EX_cpd00105	0.17037037031746033
EX_cpd00106	0.17037037031746033
EX_cpd00107	0.17037037031746033
EX_cpd00108	0.17037037031746033
EX_cpd00117	0.17037037031746033
EX_cpd00118	0.17037037031746033
EX_cpd00119	0.17037037031746033
EX_cpd00121	0.17037037031746033
EX_cpd00122	0.17037037031746033
EX_cpd00129	0.17037037031746033
EX_cpd00130	0.17037037031746033
EX_cpd00132	0.17037037031746033
EX_cpd00136	0.17037037031746033
EX_cpd00137	0.17037037031746033
EX_cpd00138	0.17037037031746033
EX_cpd00139	0.17037037031746033
EX_cpd00141	0.17037037031746033
EX_cpd00142	0.17037037031746033
EX_cpd00149	0.17037037031746033
EX_cpd00152	0.17037037031746033
EX_cpd00154	0.17037037031746033
EX_cpd00156	0.17037037031746033
EX_cpd00158	0.17037037031746033
EX_cpd00159	0.17037037031746033
EX_cpd00161	0.17037037031746033
EX_cpd00162	0.17037037031746033
EX_cpd00179	0.17037037031746033
EX_cpd00185	0.17037037031746033
EX_cpd00197	0.17037037031746033
EX_cpd00205	0.17037037031746033
EX_cpd00207	0.17037037031746033
EX_cpd24453	0.17037037031746033
EX_cpd00208	0.17037037031746033
EX_cpd00209	0.17037037031746033
EX_cpd00224	0.17037037031746033
EX_cpd00227	0.17037037031746033
EX_cpd00248	0.17037037031746033
EX_cpd00249	0.17037037031746033
EX_cpd00254	0.17037037031746033
EX_cpd00266	0.17037037031746033
EX_cpd00276	0.17037037031746033
EX_cpd00281	0.17037037031746033
EX_cpd00305	0.17037037031746033
EX_cpd00306	0.17037037031746033
EX_cpd00307	0.17037037031746033
EX_cpd00308	0.17037037031746033
EX_cpd00309	0.17037037031746033
EX_cpd00311	0.17037037031746033
EX_cpd00314	0.17037037031746033
EX_cpd00322	0.17037037031746033
EX_cpd00338	0.17037037031746033
EX_cpd00366	0.17037037031746033
EX_cpd00367	0.17037037031746033
EX_cpd00378	0.17037037031746033
EX_cpd00382	0.17037037031746033
EX_cpd00383	0.17037037031746033
EX_cpd00386	0.17037037031746033
EX_cpd00392	0.17037037031746033
EX_cpd00396	0.17037037031746033
EX_cpd00417	0.17037037031746033
EX_cpd00441	0.17037037031746033
EX_cpd00447	0.17037037031746033
EX_cpd00528	0.17037037031746033
EX_cpd00540	0.17037037031746033
EX_cpd00588	0.17037037031746033
EX_cpd00589	0.17037037031746033
EX_cpd00644	0.17037037031746033
EX_cpd00666	0.17037037031746033
EX_cpd00751	0.17037037031746033
EX_cpd00794	0.17037037031746033
EX_cpd00797	0.17037037031746033
EX_cpd00832	0.17037037031746033
EX_cpd00851	0.17037037031746033
EX_cpd00919	0.17037037031746033
EX_cpd00939	0.17037037031746033
EX_cpd00971	0.17037037031746033
EX_cpd01030	0.17037037031746033
EX_cpd01092	0.17037037031746033
EX_cpd01133	0.17037037031746033
EX_cpd01171	0.17037037031746033
EX_cpd01192	0.17037037031746033
EX_cpd01200	0.17037037031746033
EX_cpd01217	0.17037037031746033
EX_cpd01262	0.17037037031746033
EX_cpd01293	0.17037037031746033
EX_cpd01307	0.17037037031746033
EX_cpd01524	0.17037037031746033
EX_cpd02143	0.17037037031746033
EX_cpd02175	0.17037037031746033
EX_cpd02274	0.17037037031746033
EX_cpd02351	0.17037037031746033
EX_cpd02636	0.17037037031746033
EX_cpd03198	0.17037037031746033
EX_cpd03696	0.17037037031746033
EX_cpd03884	0.17037037031746033
EX_cpd04349	0.17037037031746033
EX_cpd05158	0.17037037031746033
EX_cpd07061	0.17037037031746033
EX_cpd10515	0.17037037031746033
EX_cpd10516	0.17037037031746033
EX_cpd11574	0.17037037031746033
EX_cpd11640	0.17037037031746033
EX_cpd12115	0.17037037031746033
EX_cpd11603	0.17037037031746033
EX_cpd20885	0.17037037031746033
EX_cpd24416	0.17037037031746033
EX_cpd24420	0.17037037031746033
EX_cpd24425	0.17037037031746033
EX_cpd25518	0.17037037031746033
EX_cpd26505	0.17037037031746033
sink_cpdBGLCN	0.17037037031746033
DM_cpdNF	0.17037037031746033
sink_cpd15380	0.17037037031746033
rxnNAGALAMa	0.17037037031746033
rxn05177	0.17037037031746033
rxn05202	0.17037037031746033
rxn05319	0.17037037031746033
rxn05467	0.17037037031746033
rxn05468	0.17037037031746033
rxn08525	0.17037037031746033
rxn08691	0.17037037031746033
rxn10577	0.17037037031746033
rxnTABCcpd00378	0.17037037031746033
rxnTABCcpd00644	0.17037037031746033
rxnTABCcpd00919	0.17037037031746033
rxnTABCcpd00939	0.17037037031746033
rxnTABCcpd01092	0.17037037031746033
rxnTABCcpd02143	0.17037037031746033
rxnTABCcpd02351	0.17037037031746033
rxnTABCcpd02636	0.17037037031746033
rxnTABCcpd25518	0.17037037031746033
rxnTABCcpd26505	0.17037037031746033
rxnTDIFFcpd00441	0.17037037031746033
rxnTPScpd01217	0.17037037031746033
rxn00966	0.17037037031746033
rxn25660	0.17037037031746033
rxn05116	0.17037037031746033
sink_cpd00868[c0]	0.17037037031746033
sink_cpd00651[c0]	0.17037037031746033
sink_cpd00277[c0]	0.17037037031746033
sink_cpd00438[c0]	0.17037037031746033
sink_cpd00182[c0]	0.17037037031746033
sink_cpd00223[c0]	0.17037037031746033
sink_cpd00184[c0]	0.17037037031746033
sink_cpd00581[c0]	0.17037037031746033
sink_cpd00388[c0]	0.17037037031746033
sink_cpd00654[c0]	0.17037037031746033
sink_cpd00497[c0]	0.17037037031746033
sink_cpd00247[c0]	0.17037037031746033
sink_cpd00145[c0]	0.17037037031746033
sink_cpd00143[c0]	0.17037037031746033
sink_cpd00028[c0]	0.17037037031746033
sink_cpd00151[c0]	0.17037037031746033
sink_cpd00206[c0]	0.17037037031746033
sink_cpd00196[c0]	0.17037037031746033
sink_cpd00263[c0]	0.17037037031746033
sink_cpd00046[c0]	0.17037037031746033
sink_cpd00298[c0]	0.17037037031746033
sink_cpd00842[c0]	0.17037037031746033
sink_cpd25615[c0]	0.17037037031746033
sink_cpd00092[c0]	0.17037037031746033
sink_cpd00246[c0]	0.17037037031746033
sink_cpd00126[c0]	0.17037037031746033
sink_cpd00056[c0]	0.17037037031746033
sink_cpd00296[c0]	0.17037037031746033
sink_cpd00218[c0]	0.17037037031746033
sink_cpd00722[c0]	0.17037037031746033
sink_cpd00012[c0]	0.17037037031746033
sink_cpd00093[c0]	0.17037037031746033
sink_cpd01720[c0]	0.17037037031746033
sink_cpd00504[c0]	0.17037037031746033
sink_cpd00128[c0]	0.17037037031746033
sink_cpd01646[c0]	0.17037037031746033
sink_cpd02152[c0]	0.17037037031746033
sink_cpd00834[c0]	0.17037037031746033
sink_cpd00091[c0]	0.17037037031746033
sink_cpd00300[c0]	0.17037037031746033
sink_cpd00412[c0]	0.17037037031746033
sink_cpd03279[c0]	0.17037037031746033
sink_cpd00220[c0]	0.17037037031746033
sink_cpd00018[c0]	0.17037037031746033
sink_cpd00226[c0]	0.17037037031746033
sink_cpd00258[c0]	0.17037037031746033
